task	pdfs	pages	sheets	callouts	details	error
intradrawing/cross-reference-resolution/2021-0525_uccs-cybersecurity-broken	1	133	40	122	366	
intradrawing/cross-reference-resolution/cross-reference-resolution-example	1	27	17	172	149	
intradrawing/cross-reference-resolution/darrington-library-architectural	1	40	21	30	137	
intradrawing/cross-reference-resolution/darrington-library-details-01	1	40	21	30	137	
intradrawing/cross-reference-resolution/darrington-library-details-02	1	40	21	30	137	
intradrawing/cross-reference-resolution/lear-theater-landscape-01	1	27	17	172	149	
intradrawing/cross-reference-resolution/lear-theater-landscape-02-01	1	27	17	172	149	
intradrawing/cross-reference-resolution/lear-theater-landscape-02-02	1	27	17	172	149	
intradrawing/cross-reference-resolution/lear-theater-landscape-03-01	1	27	17	172	149	
intradrawing/cross-reference-resolution/lear-theater-landscape-03-02	1	27	17	172	149	
intradrawing/cross-reference-resolution/lear-theater-landscape-03-03	1	27	17	172	149	
intradrawing/cross-reference-resolution/lear-theater-landscape-03-04	1	27	17	172	149	
intradrawing/cross-reference-resolution/north-macon-architectural	1	44	23	27	161	
intradrawing/cross-reference-resolution/north-macon-details-01	1	44	23	27	161	
intradrawing/cross-reference-resolution/north-macon-details-02	1	44	23	27	161	
intradrawing/cross-reference-resolution/rees-rtc-addendum-landscape	1	60	37	56	205	
intradrawing/cross-reference-resolution/rees-rtc-addendum-structural-01	1	60	37	56	205	
intradrawing/cross-reference-resolution/rees-rtc-addendum-structural-02	1	60	37	56	205	
intradrawing/cross-reference-resolution/rees-rtc-content-mismatch-01-01	1	58	32	54	191	
intradrawing/cross-reference-resolution/rees-rtc-content-mismatch-01-02	1	58	32	54	191	
intradrawing/cross-reference-resolution/rees-rtc-multi-discipline-01	1	58	32	54	191	
intradrawing/cross-reference-resolution/rees-rtc-multi-discipline-02	1	58	32	54	191	
intradrawing/cross-reference-resolution/rees-rtc-multi-discipline-03	1	58	32	54	191	
intradrawing/cross-reference-resolution/rees-rtc-structural	1	58	32	54	191	
intradrawing/cross-reference-resolution/uccs-architectural-envelope-01	1	133	40	122	366	
intradrawing/cross-reference-resolution/uccs-architectural-envelope-02	1	133	40	122	366	
intradrawing/cross-reference-resolution/uccs-architectural-envelope-03	1	133	40	122	366	
intradrawing/cross-reference-resolution/uccs-content-mismatch-telecom	1	133	40	122	366	
intradrawing/cross-reference-resolution/uccs-plumbing-mechanical-01	1	133	40	122	366	
intradrawing/cross-reference-resolution/uccs-plumbing-mechanical-02	1	133	40	122	366	
intradrawing/cross-reference-resolution/uccs-plumbing-mechanical-03	1	133	40	122	366	
intradrawing/cross-reference-resolution/uccs-telecom-riser	1	133	40	122	366	
intradrawing/cross-reference-resolution/usu-aspire-civil	1	167	153	85	1685	
intradrawing/cross-reference-resolution/usu-aspire-content-mismatch-civil-01	1	167	153	85	1685	
intradrawing/cross-reference-resolution/usu-aspire-content-mismatch-civil-02	1	167	153	85	1685	
intradrawing/cross-reference-resolution/usu-aspire-content-mismatch-structural-01	1	167	153	85	1685	
intradrawing/cross-reference-resolution/usu-aspire-content-mismatch-structural-02	1	167	153	85	1685	
intradrawing/cross-reference-resolution/usu-aspire-landscape-structural-01	1	167	153	85	1685	
intradrawing/cross-reference-resolution/usu-aspire-landscape-structural-02	1	167	153	85	1685	
intradrawing/cross-reference-resolution/usu-aspire-multi-discipline-01	1	167	153	85	1685	
intradrawing/cross-reference-resolution/usu-aspire-multi-discipline-02	1	167	153	85	1685	
intradrawing/cross-reference-resolution/usu-aspire-multi-discipline-03	1	167	153	85	1685	
intradrawing/cross-reference-resolution/usu-aspire-multi-discipline-04	1	167	153	85	1685	
intradrawing/cross-reference-resolution/wcu-general-coordination-01	1	79	57	16	148	
intradrawing/cross-reference-resolution/wcu-general-coordination-02	1	79	57	16	148	
intradrawing/cross-reference-resolution/wcu-general-coordination-03	1	79	57	16	148	
intradrawing/cross-reference-resolution/wcu-life-safety-01	1	79	57	16	148	
intradrawing/cross-reference-resolution/wcu-life-safety-02	1	79	57	16	148	
intradrawing/cross-reference-resolution/wenatchee-library-interior-01	1	48	25	9	101	
intradrawing/cross-reference-resolution/wenatchee-library-interior-02	1	48	25	9	101	
intradrawing/cross-reference-resolution/wenatchee-library-interior-03	1	48	25	9	101	
intradrawing/cross-reference-tracing/darr-2-a851-easy	1	40	21	30	137	
intradrawing/cross-reference-tracing/darr-3-a251-medium	1	40	21	30	137	
intradrawing/cross-reference-tracing/darr-6-a651-medium	1	40	21	30	137	
intradrawing/cross-reference-tracing/darr-7-a851-easy	1	40	21	30	137	
intradrawing/cross-reference-tracing/rees-2-s601-easy	1	58	32	54	191	
intradrawing/cross-reference-tracing/rees-6-a801-easy	1	58	32	54	191	
intradrawing/cross-reference-tracing/rees-9-a703-hard	1	58	32	54	191	
intradrawing/cross-reference-tracing/uccs-1-t921-easy	1	133	40	122	366	
intradrawing/cross-reference-tracing/uccs-3-t611-easy	1	133	40	122	366	
intradrawing/cross-reference-tracing/uccs-4-t711-hard	1	133	40	122	366	
intradrawing/cross-reference-tracing/usu-1-s230-easy	1	167	153	85	1685	
intradrawing/cross-reference-tracing/usu-10-s220-hard	1	167	153	85	1685	
intradrawing/cross-reference-tracing/usu-3-pl401-easy	1	167	153	85	1685	
intradrawing/cross-reference-tracing/usu-4-s210-hard	1	167	153	85	1685	
intradrawing/cross-reference-tracing/usu-b4-a541-medium	1	167	153	85	1685	
intradrawing/cross-reference-tracing/usu-e4-a551-hard	1	167	153	85	1685	
intradrawing/cross-reference-tracing/wcu-a1-a523-medium	1	79	57	16	148	
intradrawing/cross-reference-tracing/wcu-a8-a522-medium	1	79	57	16	148	
intradrawing/cross-reference-tracing/wcu-b1-a511-easy	1	79	57	16	148	
intradrawing/cross-reference-tracing/wcu-f1-a523-medium	1	79	57	16	148	
intradrawing/cross-reference-tracing/wcu-f8-a521-hard	1	79	57	16	148	
intradrawing/cross-reference-tracing/wpl-14-a702-medium	1	48	25	9	101	
intradrawing/cross-reference-tracing/wpl-17-a300-medium	1	48	25	9	101	
intradrawing/cross-reference-tracing/wpl-9-a300-easy	1	48	25	9	101	
intradrawing/sheet-index-consistency/1bb649-mechanical	1	22	22	1	114	
intradrawing/sheet-index-consistency/3908-bid-set-prints	1	6	6	0	14	
intradrawing/sheet-index-consistency/att-c-north-macon	1	43	23	27	158	
intradrawing/sheet-index-consistency/bidset-stadium	1	40	40	19	408	
intradrawing/sheet-index-consistency/broughton-meadow-habitat	1	8	0	0	31	
intradrawing/sheet-index-consistency/darrington-library	1	40	21	30	137	
intradrawing/sheet-index-consistency/gfiaa-expansion	1	68	32	49	541	
intradrawing/sheet-index-consistency/h59-chiller-replacement	1	11	8	0	24	
intradrawing/sheet-index-consistency/kenai-rec-center	1	22	14	0	68	
intradrawing/sheet-index-consistency/mechanical-set-2022	1	5	0	0	0	
intradrawing/sheet-index-consistency/rces-modular-bid	1	14	14	1	23	
intradrawing/sheet-index-consistency/reid-hall-permit-bid	1	20	20	3	191	
intradrawing/sheet-index-consistency/saluda-hall-generator	1	6	3	0	8	
intradrawing/sheet-index-consistency/sta-cooling-tower	1	14	14	7	55	
intraproject/drawing-navigation/easy-darrington-sections	89	5072	1345	1240	12618	
intraproject/drawing-navigation/easy-holabird-gym-sound	89	5072	1345	1240	12618	
intraproject/drawing-navigation/easy-lcad-saferoom	89	5072	1345	1240	12618	
intraproject/drawing-navigation/easy-progress-carwash	89	5072	1345	1240	12618	
intraproject/drawing-navigation/hard-mech-drawings-riser	89	5072	1345	1240	12618	
intraproject/drawing-navigation/hard-progress-borehole	89	5072	1345	1240	12618	
intraproject/drawing-navigation/hard-trinity-kitchens	89	5072	1345	1240	12618	
intraproject/drawing-navigation/hard-wenatchee-acoustic	89	5072	1345	1240	12618	
intraproject/drawing-navigation/medium-03addendum-stair	89	5072	1345	1240	12618	
intraproject/drawing-navigation/medium-holabird-intercom	89	5072	1345	1240	12618	
intraproject/drawing-navigation/medium-progress-radiant	89	5072	1345	1240	12618	
intraproject/drawing-navigation/medium-wenatchee-vrf	89	5072	1345	1240	12618	
intraproject/spec-drawing-sync/nmacon-gypsum-board-easy	2	851	24	47	161	
intraproject/spec-drawing-sync/nmacon-hollow-metal-doors-medium	2	851	24	47	161	
intraproject/spec-drawing-sync/nmacon-panelboards-clean	2	851	24	47	161	
intraproject/spec-drawing-sync/nmacon-standing-seam-roof-hard	2	851	24	47	161	
intraproject/spec-drawing-sync/rees-gypsum-board-easy	2	1003	32	71	191	
intraproject/spec-drawing-sync/rees-hollow-metal-doors-medium	2	1003	32	71	191	
intraproject/spec-drawing-sync/rees-metal-roof-panels-hard	2	1003	32	71	191	
intraproject/spec-drawing-sync/rees-panelboards-clean	2	1003	32	71	191	
intraproject/spec-drawing-sync/uccs-gypsum-board-easy	2	1169	45	139	367	
intraproject/spec-drawing-sync/uccs-hollow-metal-doors-hard	2	1169	45	139	367	
intraproject/spec-drawing-sync/uccs-metal-ducts-clean	2	1169	45	139	367	
intraproject/spec-drawing-sync/uccs-panelboards-medium	2	1169	45	139	367	
intraproject/spec-drawing-sync/wcu-gypsum-board-clean	2	641	60	32	160	
intraproject/spec-drawing-sync/wcu-hollow-metal-doors-easy	2	641	60	32	160	
intraproject/spec-drawing-sync/wcu-storefronts-hard	2	641	60	32	160	
intraproject/spec-drawing-sync/wcu-unit-masonry-medium	2	641	60	32	160	
intraproject/submittal-review/easy-approved-accessories	3	1005	32	71	191	
intraproject/submittal-review/easy-approved-casework	3	702	25	14	104	
intraproject/submittal-review/easy-approved-painting	3	1171	45	139	371	
intraproject/submittal-review/easy-equal-accessories	3	1005	33	71	203	
intraproject/submittal-review/easy-equal-casework	3	701	25	14	102	
intraproject/submittal-review/easy-equal-painting	3	1171	45	139	367	
intraproject/submittal-review/easy-rejected-accessories	3	1004	32	71	191	
intraproject/submittal-review/easy-rejected-casework	3	700	25	14	102	
intraproject/submittal-review/easy-rejected-painting	3	1171	45	139	367	
intraproject/submittal-review/easy-rr-accessories	3	1117	32	71	211	
intraproject/submittal-review/easy-rr-casework	3	701	25	14	102	
intraproject/submittal-review/easy-rr-painting	3	1179	45	139	367	
intraproject/submittal-review/hard-approved-hardware	3	1029	32	71	191	
intraproject/submittal-review/hard-approved-panelboard	3	1177	45	139	373	
intraproject/submittal-review/hard-approved-vrf	3	702	25	14	102	
intraproject/submittal-review/hard-equal-hardware	3	1079	32	71	191	
intraproject/submittal-review/hard-equal-panelboard	3	1172	45	139	367	
intraproject/submittal-review/hard-equal-vrf	3	745	28	14	116	
intraproject/submittal-review/hard-rejected-hardware	3	1016	32	71	206	
intraproject/submittal-review/hard-rejected-panelboard	3	1171	45	139	367	
intraproject/submittal-review/hard-rejected-vrf	3	701	25	14	102	
intraproject/submittal-review/hard-rr-hardware	3	1004	32	71	191	
intraproject/submittal-review/hard-rr-panelboard	3	1177	45	139	372	
intraproject/submittal-review/hard-rr-vrf	3	735	26	14	102	
intraproject/submittal-review/medium-approved-firestop	3	1170	45	139	367	
intraproject/submittal-review/medium-approved-watercloset	3	701	25	14	102	
intraproject/submittal-review/medium-approved-windows	3	1007	32	71	191	
intraproject/submittal-review/medium-equal-firestop	3	1173	45	139	367	
intraproject/submittal-review/medium-equal-watercloset	3	704	25	14	102	
intraproject/submittal-review/medium-rejected-firestop	3	1174	45	139	367	
intraproject/submittal-review/medium-rejected-watercloset	3	701	25	14	102	
intraproject/submittal-review/medium-rejected-windows	3	1052	81	71	191	
intraproject/submittal-review/medium-rejected2-windows	3	1157	32	71	191	
intraproject/submittal-review/medium-rr-firestop	3	1175	45	139	367	
intraproject/submittal-review/medium-rr-watercloset	3	701	25	14	102	
intraproject/submittal-review/medium-rr-windows	3	1031	32	71	195	
intrasheet/detail-technical-review/03add-constructability-01	1	1	1	0	4	
intrasheet/detail-technical-review/gfiaa-constructability-01	1	1	1	0	4	
intrasheet/detail-technical-review/gfiaa-constructability-02	1	1	1	0	3	
intrasheet/detail-technical-review/gfiaa-performance-01	1	1	1	0	3	
intrasheet/detail-technical-review/nmrc-clean-01	1	1	0	0	6	
intrasheet/detail-technical-review/nmrc-constructability-01	1	1	1	0	12	
intrasheet/detail-technical-review/nmrc-performance-01	1	1	1	0	12	
intrasheet/detail-technical-review/rees-constructability-01	1	1	1	0	0	
intrasheet/detail-technical-review/rees-performance-01	1	1	1	0	0	
intrasheet/detail-technical-review/uccs-clean-01	1	1	0	0	13	
intrasheet/detail-technical-review/uccs-constructability-01	1	1	1	1	6	
intrasheet/detail-technical-review/usu-constructability-01	1	1	1	0	2	
intrasheet/detail-technical-review/usu-performance-01	1	1	1	4	20	
intrasheet/detail-technical-review/usu-performance-02	1	1	1	0	4	
intrasheet/detail-title-accuracy/03-addendum1-office-a700-foundation-mislabel	1	1	1	0	7	
intrasheet/detail-title-accuracy/armstrong-mill-water-heater-mislabel	1	1	1	0	12	
intrasheet/detail-title-accuracy/chma-easton-partition-elevation-mislabel	1	1	1	0	7	
intrasheet/detail-title-accuracy/darrington-library-millwork-clean	1	1	1	0	14	
intrasheet/detail-title-accuracy/gfiaa-foundation-framing-mislabel	1	1	1	0	3	
intrasheet/detail-title-accuracy/lcad-exhaust-fan-mislabel	1	1	0	0	11	
intrasheet/detail-title-accuracy/mechanical-room-section-elevation-mislabel	1	1	1	0	10	
intrasheet/detail-title-accuracy/mep-holabird-water-heater-system-mislabel	1	1	1	0	8	
intrasheet/detail-title-accuracy/north-macon-heat-pump-mislabel	1	1	1	0	1	
intrasheet/detail-title-accuracy/rees-rtc-addendum-window-section-mislabel	1	1	1	0	5	
intrasheet/detail-title-accuracy/rees-rtc-section-elevation-mislabel	1	1	1	1	12	
intrasheet/detail-title-accuracy/uccs-restroom-plan-elevation-mislabel	1	1	1	2	12	
intrasheet/detail-title-accuracy/usu-aspire-restroom-elevations-clean	1	1	1	0	11	
intrasheet/detail-title-accuracy/usu-aspire-stair-framing-mislabel	1	1	1	2	10	
intrasheet/detail-title-accuracy/wcu-walkway-roof-floor-mislabel	1	1	0	0	5	
intrasheet/note-callout-accuracy/03addendum-joist-beam-mismatch	1	1	1	9	1	
intrasheet/note-callout-accuracy/25qa-unit-heater-mismatch	1	1	0	0	0	
intrasheet/note-callout-accuracy/armstrong-roofing-material-mismatch	1	1	0	0	3	
intrasheet/note-callout-accuracy/armstrong-water-heater-mismatch	1	1	1	0	12	
intrasheet/note-callout-accuracy/auxenc-pipe-hanger-swap	1	1	1	0	1	
intrasheet/note-callout-accuracy/bidset-cmu-stud-mismatch	1	1	1	0	12	
intrasheet/note-callout-accuracy/chichiltah-tank-details-clean	1	1	0	0	0	
intrasheet/note-callout-accuracy/gfiaa-footing-gradebeam-mismatch	1	1	1	0	3	
intrasheet/note-callout-accuracy/gfiaa-slab-type-mismatch	1	1	1	0	3	
intrasheet/note-callout-accuracy/reidhall-roof-deck-mismatch	1	1	1	0	14	
intrasheet/note-callout-accuracy/reidhall-structural-details-clean	1	1	1	0	17	
intrasheet/note-callout-accuracy/uccs-framing-member-swap	1	1	0	0	12	
intrasheet/note-callout-accuracy/usu-envelope-insulation-swap	1	1	1	0	4	
intrasheet/note-callout-accuracy/wpl-window-jamb-callout-swap	1	1	1	0	3	
